﻿<?xml version="1.0" encoding="utf-8"?>
<atom:entry xmlns:app="http://www.w3.org/2007/app" xmlns:atom="http://www.w3.org/2005/Atom" xmlns:cmis="http://docs.oasis-open.org/ns/cmis/core/200908/" xmlns:cmisra="http://docs.oasis-open.org/ns/cmis/restatom/200908/" xmlns:sf="urn:telerik:sitefinity:cmis" xml:base="http://localhost:34669/Sitefinity/CMIS/RestAtom/">
  <cmisra:object>
    <cmis:properties>
      <cmis:propertyString propertyDefinitionId="sf:SystemParentType" />
      <cmis:propertyId propertyDefinitionId="sf:SystemParentId">
        <cmis:value>00000000-0000-0000-0000-000000000000</cmis:value>
      </cmis:propertyId>
      <cmis:propertyBoolean propertyDefinitionId="sf:SystemHasChildItems">
        <cmis:value>False</cmis:value>
      </cmis:propertyBoolean>
      <cmis:propertyBoolean propertyDefinitionId="sf:IncludeInSitemap">
        <cmis:value>True</cmis:value>
      </cmis:propertyBoolean>
      <cmis:propertyId propertyDefinitionId="sf:Id">
        <cmis:value>ee928731-cdfa-4860-8158-17140d2ae5df</cmis:value>
      </cmis:propertyId>
      <cmis:propertyInteger propertyDefinitionId="sf:Status">
        <cmis:value>2</cmis:value>
      </cmis:propertyInteger>
      <cmis:propertyId propertyDefinitionId="sf:OriginalContentId">
        <cmis:value>dccc3df8-ecce-462a-8e68-a3efb55b422f</cmis:value>
      </cmis:propertyId>
      <cmis:propertyString propertyDefinitionId="sf:UrlName">
        <cmis:value>academy-of-management-modernizes-its-member-experience-with-progress-sitefinity</cmis:value>
      </cmis:propertyString>
      <sf:Telerik.Sitefinity.DynamicModules.Model.DynamicContentUrlData propertyDefinitionId="sf:Urls" sf:collectionType="IEnumerable">
        <cmis:value>&lt;Telerik.Sitefinity.DynamicModules.Model.DynamicContentUrlData&gt;
  &lt;Culture&gt;127&lt;/Culture&gt;
  &lt;Disabled&gt;false&lt;/Disabled&gt;
  &lt;Id&gt;d80cdfdb-eb46-4760-b5e4-bb3b617408e5&lt;/Id&gt;
  &lt;IsDefault&gt;true&lt;/IsDefault&gt;
  &lt;LastModified&gt;2021-05-31T16:59:35.647Z&lt;/LastModified&gt;
  &lt;QueryString /&gt;
  &lt;RedirectToDefault&gt;false&lt;/RedirectToDefault&gt;
  &lt;Url&gt;%2facademy-of-management-modernizes-its-member-experience-with-progress-sitefinity&lt;/Url&gt;
  &lt;ItemType&gt;Telerik.Sitefinity.DynamicTypes.Model.SuccessStory.SuccessStory&lt;/ItemType&gt;
&lt;/Telerik.Sitefinity.DynamicModules.Model.DynamicContentUrlData&gt;</cmis:value>
      </sf:Telerik.Sitefinity.DynamicModules.Model.DynamicContentUrlData>
      <cmis:propertyBoolean propertyDefinitionId="sf:AutoGenerateUniqueUrl">
        <cmis:value>False</cmis:value>
      </cmis:propertyBoolean>
      <cmis:propertyString propertyDefinitionId="sf:ApprovalWorkflowState">
        <cmis:value>Published</cmis:value>
      </cmis:propertyString>
      <cmis:propertyBoolean propertyDefinitionId="sf:IsViewable">
        <cmis:value>False</cmis:value>
      </cmis:propertyBoolean>
      <cmis:propertyBoolean propertyDefinitionId="sf:IsUnlockable">
        <cmis:value>False</cmis:value>
      </cmis:propertyBoolean>
      <cmis:propertyBoolean propertyDefinitionId="sf:HasLiveVersion">
        <cmis:value>False</cmis:value>
      </cmis:propertyBoolean>
      <cmis:propertyString propertyDefinitionId="sf:Industry">
        <cmis:value>IT</cmis:value>
      </cmis:propertyString>
      <cmis:propertyString propertyDefinitionId="sf:Title">
        <cmis:value>Academy of Management Modernizes Its Member Experience with Progress Sitefinity</cmis:value>
      </cmis:propertyString>
      <cmis:propertyString propertyDefinitionId="sf:Description">
        <cmis:value>&lt;div title="Page 1"&gt;&lt;p&gt;&lt;/p&gt;&lt;/div&gt;The Academy of Management (AOM) is the preeminent professional association for scholars
researching, teaching and practicing in the field of management and organization. Founded
in 1936, the AOM is a global community of nearly 20,000, with members spanning across 120
countries. It seeks to advance the impact of management and organization science on business
and society worldwide, achieving this chiefly through extensive professional services, vibrant
volunteerism and interactive communities.
The key to fulfilling its mission is having a website capable of delivering online engagement that
transcends geographic boundaries. But AOM&amp;rsquo;s website design made it difficult to prioritize the
important messages it wanted to share with association members.
&amp;ldquo;Our members are used to the web experiences they encounter on leading news sites,&amp;rdquo; said
Michael Alterio, Web Content Manager, Academy of Management. &amp;ldquo;The challenge for our new
website is to present all our management content in an easily digestible way, while also keeping
the content easy to manage.&amp;rdquo;</cmis:value>
      </cmis:propertyString>
      <cmis:propertyString propertyDefinitionId="sf:Company">
        <cmis:value>Academy of Management</cmis:value>
      </cmis:propertyString>
      <cmis:propertyString propertyDefinitionId="sf:CompanyWebsite">
        <cmis:value>Academy.com</cmis:value>
      </cmis:propertyString>
      <cmis:propertyString propertyDefinitionId="sf:SummaryDescription">
        <cmis:value>When the Academy of Management’s nearly 20,000 global members needed easier access to industry information, a new Progress Sitefinity digital experience made content discovery fast and seamless.</cmis:value>
      </cmis:propertyString>
      <cmis:propertyString propertyDefinitionId="sf:ProductsUsed">
        <cmis:value>Sitefinity</cmis:value>
      </cmis:propertyString>
      <cmis:propertyId propertyDefinitionId="cmis:objectId">
        <cmis:value>ee928731-cdfa-4860-8158-17140d2ae5df</cmis:value>
      </cmis:propertyId>
      <cmis:propertyString propertyDefinitionId="sf:Author">
        <cmis:value></cmis:value>
      </cmis:propertyString>
      <cmis:propertyString propertyDefinitionId="cmis:objectTypeId">
        <cmis:value>Telerik.Sitefinity.DynamicTypes.Model.SuccessStory.SuccessStory</cmis:value>
      </cmis:propertyString>
      <cmis:propertyString propertyDefinitionId="sf:LangId">
        <cmis:value>en</cmis:value>
      </cmis:propertyString>
      <cmis:propertyString propertyDefinitionId="sf:ItemAction">
        <cmis:value>New</cmis:value>
      </cmis:propertyString>
      <cmis:propertyString propertyDefinitionId="sf:ModuleName">
        <cmis:value>Success Story</cmis:value>
      </cmis:propertyString>
    </cmis:properties>
  </cmisra:object>
  <cmisra:object>
    <cmis:properties>
      <cmis:propertyString propertyDefinitionId="sf:SystemParentType" />
      <cmis:propertyId propertyDefinitionId="sf:SystemParentId">
        <cmis:value>00000000-0000-0000-0000-000000000000</cmis:value>
      </cmis:propertyId>
      <cmis:propertyBoolean propertyDefinitionId="sf:SystemHasChildItems">
        <cmis:value>False</cmis:value>
      </cmis:propertyBoolean>
      <cmis:propertyBoolean propertyDefinitionId="sf:IncludeInSitemap">
        <cmis:value>True</cmis:value>
      </cmis:propertyBoolean>
      <cmis:propertyId propertyDefinitionId="sf:Id">
        <cmis:value>aa5c0214-3a72-4d3a-a3bb-bca10a313b12</cmis:value>
      </cmis:propertyId>
      <cmis:propertyInteger propertyDefinitionId="sf:Status">
        <cmis:value>2</cmis:value>
      </cmis:propertyInteger>
      <cmis:propertyId propertyDefinitionId="sf:OriginalContentId">
        <cmis:value>c9867aa2-3e4e-457f-b5b1-dfe7c41e2dde</cmis:value>
      </cmis:propertyId>
      <cmis:propertyString propertyDefinitionId="sf:UrlName">
        <cmis:value>unistrut-sees-1600-increase-in-document-downloads-and-drastically-exceeds-website-traffic-and-engagement-goals-with-sitefinity</cmis:value>
      </cmis:propertyString>
      <sf:Telerik.Sitefinity.DynamicModules.Model.DynamicContentUrlData propertyDefinitionId="sf:Urls" sf:collectionType="IEnumerable">
        <cmis:value>&lt;Telerik.Sitefinity.DynamicModules.Model.DynamicContentUrlData&gt;
  &lt;Culture&gt;127&lt;/Culture&gt;
  &lt;Disabled&gt;false&lt;/Disabled&gt;
  &lt;Id&gt;5ff272e1-da69-493c-9719-e4ba4dfe6ac5&lt;/Id&gt;
  &lt;IsDefault&gt;true&lt;/IsDefault&gt;
  &lt;LastModified&gt;2021-05-26T11:47:17.097Z&lt;/LastModified&gt;
  &lt;QueryString /&gt;
  &lt;RedirectToDefault&gt;false&lt;/RedirectToDefault&gt;
  &lt;Url&gt;%2funistrut-sees-1600-increase-in-document-downloads-and-drastically-exceeds-website-traffic-and-engagement-goals-with-sitefinity&lt;/Url&gt;
  &lt;ItemType&gt;Telerik.Sitefinity.DynamicTypes.Model.SuccessStory.SuccessStory&lt;/ItemType&gt;
&lt;/Telerik.Sitefinity.DynamicModules.Model.DynamicContentUrlData&gt;</cmis:value>
      </sf:Telerik.Sitefinity.DynamicModules.Model.DynamicContentUrlData>
      <cmis:propertyBoolean propertyDefinitionId="sf:AutoGenerateUniqueUrl">
        <cmis:value>False</cmis:value>
      </cmis:propertyBoolean>
      <cmis:propertyString propertyDefinitionId="sf:ApprovalWorkflowState">
        <cmis:value>Published</cmis:value>
      </cmis:propertyString>
      <cmis:propertyBoolean propertyDefinitionId="sf:IsViewable">
        <cmis:value>False</cmis:value>
      </cmis:propertyBoolean>
      <cmis:propertyBoolean propertyDefinitionId="sf:IsUnlockable">
        <cmis:value>False</cmis:value>
      </cmis:propertyBoolean>
      <cmis:propertyBoolean propertyDefinitionId="sf:HasLiveVersion">
        <cmis:value>False</cmis:value>
      </cmis:propertyBoolean>
      <cmis:propertyString propertyDefinitionId="sf:Industry">
        <cmis:value>IT</cmis:value>
      </cmis:propertyString>
      <cmis:propertyString propertyDefinitionId="sf:Title">
        <cmis:value>Unistrut Sees 1600% Increase in Document Downloads and Drastically Exceeds Website Traffic and Engagement Goals with Sitefinity</cmis:value>
      </cmis:propertyString>
      <cmis:propertyString propertyDefinitionId="sf:Description">
        <cmis:value>&lt;p&gt;Unistrut&amp;rsquo;s web team couldn&amp;rsquo;t easily update the site
with fresh content and its search functionality made it
difficult to locate product information. &lt;/p&gt;&lt;p&gt;Sitefinity gave the Unistrut team
more control over web content,
without needing a third-party
vendor for site updates.&lt;/p&gt;&lt;p&gt;Added website functionality
allowed customers to build a
project with relevant parts and
later download documents for
planning purposes. &lt;/p&gt;&lt;p&gt;Powered by Hawksearch
integration with Sitefinity,
a cross-reference search
tool allowed users to find
information more quickly&lt;/p&gt;&lt;p&gt;The new website functionality
led to a 1,600% increase in
document downloads from the
website.&lt;/p&gt;&lt;p&gt;A new document tracking
system gave the company more
insights into user data. Unistrut
saw a 36% increase in overall
traffic and a 58% increase in
organic traffic.&lt;/p&gt;&lt;p&gt;The drastic increase in traffic
and engagement exceeded
Unistrut&amp;rsquo;s expectations,
resulting in new business
opportunities. &lt;/p&gt;</cmis:value>
      </cmis:propertyString>
      <cmis:propertyString propertyDefinitionId="sf:Company">
        <cmis:value>Unistrut</cmis:value>
      </cmis:propertyString>
      <cmis:propertyString propertyDefinitionId="sf:CompanyWebsite">
        <cmis:value>https://www.unistrut.com/</cmis:value>
      </cmis:propertyString>
      <cmis:propertyString propertyDefinitionId="sf:SummaryDescription">
        <cmis:value>Unistrut wanted to modernize its website for the construction developers and architects that rely on its site to find products for their projects. The brand turned to Americaneagle.com and Progress® Sitefinity® to improve discoverability for visitors</cmis:value>
      </cmis:propertyString>
      <cmis:propertyString propertyDefinitionId="sf:ProductsUsed">
        <cmis:value>Sitefinity®</cmis:value>
      </cmis:propertyString>
      <cmis:propertyId propertyDefinitionId="cmis:objectId">
        <cmis:value>aa5c0214-3a72-4d3a-a3bb-bca10a313b12</cmis:value>
      </cmis:propertyId>
      <cmis:propertyString propertyDefinitionId="sf:Author">
        <cmis:value></cmis:value>
      </cmis:propertyString>
      <cmis:propertyString propertyDefinitionId="cmis:objectTypeId">
        <cmis:value>Telerik.Sitefinity.DynamicTypes.Model.SuccessStory.SuccessStory</cmis:value>
      </cmis:propertyString>
      <cmis:propertyString propertyDefinitionId="sf:LangId">
        <cmis:value>en</cmis:value>
      </cmis:propertyString>
      <cmis:propertyString propertyDefinitionId="sf:ItemAction">
        <cmis:value>New</cmis:value>
      </cmis:propertyString>
      <cmis:propertyString propertyDefinitionId="sf:ModuleName">
        <cmis:value>Success Story</cmis:value>
      </cmis:propertyString>
    </cmis:properties>
  </cmisra:object>
  <cmisra:object>
    <cmis:properties>
      <cmis:propertyString propertyDefinitionId="sf:SystemParentType" />
      <cmis:propertyId propertyDefinitionId="sf:SystemParentId">
        <cmis:value>00000000-0000-0000-0000-000000000000</cmis:value>
      </cmis:propertyId>
      <cmis:propertyBoolean propertyDefinitionId="sf:SystemHasChildItems">
        <cmis:value>False</cmis:value>
      </cmis:propertyBoolean>
      <cmis:propertyBoolean propertyDefinitionId="sf:IncludeInSitemap">
        <cmis:value>True</cmis:value>
      </cmis:propertyBoolean>
      <cmis:propertyId propertyDefinitionId="sf:Id">
        <cmis:value>9e4e3fcc-6464-4552-ab65-d9c941ea7664</cmis:value>
      </cmis:propertyId>
      <cmis:propertyInteger propertyDefinitionId="sf:Status">
        <cmis:value>2</cmis:value>
      </cmis:propertyInteger>
      <cmis:propertyId propertyDefinitionId="sf:OriginalContentId">
        <cmis:value>04f11892-d699-437b-94b1-5dcbb16ac645</cmis:value>
      </cmis:propertyId>
      <cmis:propertyString propertyDefinitionId="sf:UrlName">
        <cmis:value>how-berenberg-transformed-profit-center-reporting-with-business-rules-from-corticon</cmis:value>
      </cmis:propertyString>
      <sf:Telerik.Sitefinity.DynamicModules.Model.DynamicContentUrlData propertyDefinitionId="sf:Urls" sf:collectionType="IEnumerable">
        <cmis:value>&lt;Telerik.Sitefinity.DynamicModules.Model.DynamicContentUrlData&gt;
  &lt;Culture&gt;127&lt;/Culture&gt;
  &lt;Disabled&gt;false&lt;/Disabled&gt;
  &lt;Id&gt;a71ba7a0-f5a4-423d-9f52-8134681e5f0f&lt;/Id&gt;
  &lt;IsDefault&gt;true&lt;/IsDefault&gt;
  &lt;LastModified&gt;2021-05-26T11:39:17.333Z&lt;/LastModified&gt;
  &lt;QueryString /&gt;
  &lt;RedirectToDefault&gt;false&lt;/RedirectToDefault&gt;
  &lt;Url&gt;%2fhow-berenberg-transformed-profit-center-reporting-with-business-rules-from-corticon&lt;/Url&gt;
  &lt;ItemType&gt;Telerik.Sitefinity.DynamicTypes.Model.SuccessStory.SuccessStory&lt;/ItemType&gt;
&lt;/Telerik.Sitefinity.DynamicModules.Model.DynamicContentUrlData&gt;</cmis:value>
      </sf:Telerik.Sitefinity.DynamicModules.Model.DynamicContentUrlData>
      <cmis:propertyBoolean propertyDefinitionId="sf:AutoGenerateUniqueUrl">
        <cmis:value>False</cmis:value>
      </cmis:propertyBoolean>
      <cmis:propertyString propertyDefinitionId="sf:ApprovalWorkflowState">
        <cmis:value>Published</cmis:value>
      </cmis:propertyString>
      <cmis:propertyBoolean propertyDefinitionId="sf:IsViewable">
        <cmis:value>False</cmis:value>
      </cmis:propertyBoolean>
      <cmis:propertyBoolean propertyDefinitionId="sf:IsUnlockable">
        <cmis:value>False</cmis:value>
      </cmis:propertyBoolean>
      <cmis:propertyBoolean propertyDefinitionId="sf:HasLiveVersion">
        <cmis:value>False</cmis:value>
      </cmis:propertyBoolean>
      <cmis:propertyString propertyDefinitionId="sf:Industry">
        <cmis:value>IT</cmis:value>
      </cmis:propertyString>
      <cmis:propertyString propertyDefinitionId="sf:Title">
        <cmis:value>How Berenberg Transformed Profit Center Reporting with Business Rules from Corticon</cmis:value>
      </cmis:propertyString>
      <cmis:propertyString propertyDefinitionId="sf:Description">
        <cmis:value>&lt;p&gt;Challenge
&lt;/p&gt;&lt;p&gt;Digital transformation isn&amp;rsquo;t just changing how people manage their money. It&amp;rsquo;s changing
how banks like the Hamburg-based Berenberg manage theirs as well.
As one of the oldest private banking institutions in the world, Berenberg is constantly
evaluating its profit centers to ensure the delivery of high-quality services to customers.
Historically, this was done using several different complex data processing systems,
enhanced by sophisticated calculations performed in Microsoft Access and Excel.
Several years of growth, as well as rapid changes to the digital landscape, led to major
shifts in profit center accounting. Not only was the volume of data traffic skyrocketing, but data aggregation itself was also growing more complex.
The risk management department within Berenberg quickly realized the company needed
to transform its risk management reporting. This would enable the financial institution to
automate report creation and ensure accurate profit center accounting.
However, checking the underlying data used to create the reports was extremely time
consuming. With over 70 reports created every month, Berenberg&amp;rsquo;s analysts often
dedicated hours of their day to reviewing the results of the reports to confirm their
veracity&lt;/p&gt;&lt;p&gt;&amp;nbsp;&lt;/p&gt;&lt;p&gt;Solution
It was clear Berenberg needed to decrease the amount of time spent manually correcting
reports. At the same time, the institution also needed to be mindful of data aggregation
and reporting requirements set forth by the BCBS-239 regulation.&lt;/p&gt;</cmis:value>
      </cmis:propertyString>
      <cmis:propertyString propertyDefinitionId="sf:Company">
        <cmis:value>Berenberg</cmis:value>
      </cmis:propertyString>
      <cmis:propertyString propertyDefinitionId="sf:CompanyWebsite">
        <cmis:value>https://berenberg.com</cmis:value>
      </cmis:propertyString>
      <cmis:propertyString propertyDefinitionId="sf:SummaryDescription">
        <cmis:value>To evaluate its different profit centers, Berenberg relied extensively on insight from monthly risk management reports. Using Progress® Corticon®, Berenberg’s business analysts were better able to validate the rules powering these reports.</cmis:value>
      </cmis:propertyString>
      <cmis:propertyString propertyDefinitionId="sf:ProductsUsed">
        <cmis:value>Corticon</cmis:value>
      </cmis:propertyString>
      <cmis:propertyId propertyDefinitionId="cmis:objectId">
        <cmis:value>9e4e3fcc-6464-4552-ab65-d9c941ea7664</cmis:value>
      </cmis:propertyId>
      <cmis:propertyString propertyDefinitionId="sf:Author">
        <cmis:value></cmis:value>
      </cmis:propertyString>
      <cmis:propertyString propertyDefinitionId="cmis:objectTypeId">
        <cmis:value>Telerik.Sitefinity.DynamicTypes.Model.SuccessStory.SuccessStory</cmis:value>
      </cmis:propertyString>
      <cmis:propertyString propertyDefinitionId="sf:LangId">
        <cmis:value>en</cmis:value>
      </cmis:propertyString>
      <cmis:propertyString propertyDefinitionId="sf:ItemAction">
        <cmis:value>New</cmis:value>
      </cmis:propertyString>
      <cmis:propertyString propertyDefinitionId="sf:ModuleName">
        <cmis:value>Success Story</cmis:value>
      </cmis:propertyString>
    </cmis:properties>
  </cmisra:object>
</atom:entry>