﻿<?xml version="1.0" encoding="utf-8"?>
<atom:entry xmlns:app="http://www.w3.org/2007/app" xmlns:atom="http://www.w3.org/2005/Atom" xmlns:cmis="http://docs.oasis-open.org/ns/cmis/core/200908/" xmlns:cmisra="http://docs.oasis-open.org/ns/cmis/restatom/200908/" xmlns:sf="urn:telerik:sitefinity:cmis" xml:base="http://localhost:34669/Sitefinity/CMIS/RestAtom/">
  <cmisra:object>
    <cmis:properties>
      <cmis:propertyString propertyDefinitionId="sf:Title">
        <cmis:value>Default Calendar</cmis:value>
      </cmis:propertyString>
      <cmis:propertyString propertyDefinitionId="sf:Description">
        <cmis:value></cmis:value>
      </cmis:propertyString>
      <cmis:propertyString propertyDefinitionId="sf:Color">
        <cmis:value>#C0C0C0</cmis:value>
      </cmis:propertyString>
      <cmis:propertyId propertyDefinitionId="sf:Id">
        <cmis:value>8be33ae3-187d-d348-4746-afae6489a196</cmis:value>
      </cmis:propertyId>
      <cmis:propertyString propertyDefinitionId="sf:UrlName">
        <cmis:value>default-calendar</cmis:value>
      </cmis:propertyString>
      <sf:Telerik.Sitefinity.Events.Model.CalendarUrlData propertyDefinitionId="sf:Urls" sf:collectionType="IEnumerable">
        <cmis:value>&lt;Telerik.Sitefinity.Events.Model.CalendarUrlData&gt;
  &lt;Culture&gt;127&lt;/Culture&gt;
  &lt;Disabled&gt;false&lt;/Disabled&gt;
  &lt;Id&gt;92743ed2-532b-48a9-8b0b-78f1d41a0c13&lt;/Id&gt;
  &lt;IsDefault&gt;true&lt;/IsDefault&gt;
  &lt;LastModified&gt;2021-05-26T10:28:21.57Z&lt;/LastModified&gt;
  &lt;QueryString /&gt;
  &lt;RedirectToDefault&gt;false&lt;/RedirectToDefault&gt;
  &lt;Url&gt;%2fdefault-calendar&lt;/Url&gt;
&lt;/Telerik.Sitefinity.Events.Model.CalendarUrlData&gt;</cmis:value>
      </sf:Telerik.Sitefinity.Events.Model.CalendarUrlData>
      <cmis:propertyBoolean propertyDefinitionId="sf:AutoGenerateUniqueUrl">
        <cmis:value>False</cmis:value>
      </cmis:propertyBoolean>
      <cmis:propertyId propertyDefinitionId="cmis:objectId">
        <cmis:value>8be33ae3-187d-d348-4746-afae6489a196</cmis:value>
      </cmis:propertyId>
      <sf:System.Object propertyDefinitionId="sf:Author" />
      <cmis:propertyString propertyDefinitionId="cmis:objectTypeId">
        <cmis:value>Telerik.Sitefinity.Events.Model.Calendar</cmis:value>
      </cmis:propertyString>
      <cmis:propertyString propertyDefinitionId="sf:LangId">
        <cmis:value>en</cmis:value>
      </cmis:propertyString>
      <cmis:propertyString propertyDefinitionId="sf:ItemAction">
        <cmis:value>New</cmis:value>
      </cmis:propertyString>
    </cmis:properties>
  </cmisra:object>
</atom:entry>